<forms>
    <form name="ninja-forms">
        <settings>
            <property>title</property>
            <property>not_logged_in_msg</property>
            <property>sub_limit_msg</property>
            <property>unique_field_error</property>
            <property>changeEmailErrorMsg</property>
            <property>changeDateErrorMsg</property>
            <property>confirmFieldErrorMsg</property>
            <property>fieldNumberNumMinError</property>
            <property>fieldNumberNumMaxError</property>
            <property>fieldNumberIncrementBy</property>
            <property>formErrorsCorrectErrors</property>
            <property>validateRequiredField</property>
            <property>honeypotHoneypotError</property>
            <property>fieldsMarkedRequired</property>
        </settings>
        <field>
            <property>label</property>
            <property>input_limit_msg</property>
            <property>help_text</property>
            <property>desc_text</property>
            <property>processing_label</property>
            <property type="ARRAY" properties="label">options</property>
            <property>placeholder</property>
            <property>default</property>
        </field>
    </form>
</forms>