<?xml version="1.0"?>
<ruleset name="Marvelous Hover Coding Standards">
  <!-- See https://github.com/squizlabs/PHP_CodeSniffer/wiki/Annotated-ruleset.xml -->
  <!-- See https://github.com/WordPress-Coding-Standards/WordPress-Coding-Standards/blob/develop/WordPress-Core/ruleset.xml -->

  <!-- Set a description for this ruleset. -->
  <description>A custom set of code standard rules to check for WordPress themes.</description>

  <!-- Include the WordPress ruleset, with exclusions. -->
  <rule ref="WordPress">
    <exclude name="Generic.Commenting.Fixme" />
    <exclude name="Generic.WhiteSpace.DisallowSpaceIndent" />
    <exclude name="Generic.WhiteSpace.ScopeIndent.IncorrectExact" />
    <exclude name="Generic.WhiteSpace.ScopeIndent.Incorrect" />
    <exclude name="PEAR.Functions.FunctionCallSignature.Indent" />
    <exclude name="WordPress-Docs" />
    <exclude name="WordPress.Files.FileName" />
    <exclude name="WordPress.NamingConventions.ValidFunctionName" />
    <exclude name="WordPress.NamingConventions.ValidVariableName" />
    <exclude name="WordPress.Functions.DontExtract" />
    <exclude name="Generic.WhiteSpace.ScopeIndent" />
    <exclude name="Generic.Files.LineEndings" />
  </rule>

  <rule ref="Generic.WhiteSpace.ScopeIndent">
    <properties>
      <property name="exact" value="false" />
      <property name="indent" value="2"/>
      <property name="tabIndent" value="false"/>
      <property name="ignoreIndentationTokens" type="array" value="T_HEREDOC,T_NOWDOC,T_INLINE_HTML" />
    </properties>
  </rule>

  <!-- XXX Disable length check right now -->
  <!-- Should be revised -->
  <!--<rule ref="Generic.Files.LineLength">-->
    <!--<properties>-->
      <!--<property phpcs-only="true" name="lineLimit" value="80"/>-->
      <!--<property phpcbf-only="true" name="lineLimit" value="120"/>-->
    <!--</properties>-->
  <!--</rule>-->

  <!-- Include sniffs for PHP cross-version compatibility. -->
  <config name="testVersion" value="5.3-5.6"/>
  <rule ref="PHPCompatibility"/>
</ruleset>
